{"cameraMode":{"drawMode":0,"name":"Shaded","section":"Shading Mode"},"sceneLighting":true,"audioPlay":false,"sceneViewState":{"m_AlwaysRefresh":false,"showFog":true,"showSkybox":true,"showFlares":true,"showImageEffects":true,"showParticleSystems":true,"showVisualEffectGraphs":true,"m_FxEnabled":true},"in2DMode":false,"pivot":{"x":-32.401611328125,"y":11.979743957519532,"z":7.965021133422852},"rotation":{"x":-0.2900799810886383,"y":-0.0019985614344477655,"z":0.0006028407951816917,"w":-0.9570082426071167},"size":16.322660446166993,"orthographic":false}